,제목,가수 ,앨범
0,"<div class=""ellipsis rank01""><span>
<a href=""javascript:melon.play.playSong('19041301',32614125);"" title=""사랑하게 될 줄 알았어 재생"">사랑하게 될 줄 알았어</a>
</span></div>","<div class=""ellipsis rank02"">
<a href=""javascript:melon.link.goArtistDetail('683172');"" title=""전미도 - 페이지 이동"">전미도</a><span class=""checkEllipsis"" style=""display:none""><a href=""javascript:melon.link.goArtistDetail('683172');"" title=""전미도 - 페이지 이동"">전미도</a></span>
</div>","<div class=""ellipsis rank03"">
<a href=""javascript:melon.link.goAlbumDetail('10433754');"" title=""슬기로운 의사생활 OST Part 11 - 페이지 이동"">슬기로운 의사생활 OST Part 11</a>
</div>"
1,"<div class=""ellipsis rank01""><span>
<a href=""javascript:melon.play.playSong('19041301',32578498);"" title=""에잇(Prod.&amp;Feat. SUGA of BTS) 재생"">에잇(Prod.&amp;Feat. SUGA of BTS)</a>
</span></div>","<div class=""ellipsis rank02"">
<a href=""javascript:melon.link.goArtistDetail('261143');"" title=""아이유 - 페이지 이동"">아이유</a><span class=""checkEllipsis"" style=""display:none""><a href=""javascript:melon.link.goArtistDetail('261143');"" title=""아이유 - 페이지 이동"">아이유</a></span>
</div>","<div class=""ellipsis rank03"">
<a href=""javascript:melon.link.goAlbumDetail('10426648');"" title=""에잇 - 페이지 이동"">에잇</a>
</div>"
2,"<div class=""ellipsis rank01""><span>
<a href=""javascript:melon.play.playSong('19041301',32491274);"" title=""아로하 재생"">아로하</a>
</span></div>","<div class=""ellipsis rank02"">
<a href=""javascript:melon.link.goArtistDetail('253606');"" title=""조정석 - 페이지 이동"">조정석</a><span class=""checkEllipsis"" style=""display:none""><a href=""javascript:melon.link.goArtistDetail('253606');"" title=""조정석 - 페이지 이동"">조정석</a></span>
</div>","<div class=""ellipsis rank03"">
<a href=""javascript:melon.link.goAlbumDetail('10409054');"" title=""슬기로운 의사생활 OST Part 3 - 페이지 이동"">슬기로운 의사생활 OST Part 3</a>
</div>"
3,"<div class=""ellipsis rank01""><span>
<a href=""javascript:melon.play.playSong('19041301',32636656);"" title=""MORE &amp; MORE 재생"">MORE &amp; MORE</a>
</span></div>","<div class=""ellipsis rank02"">
<a href=""javascript:melon.link.goArtistDetail('905701');"" title=""TWICE (트와이스) - 페이지 이동"">TWICE (트와이스)</a><span class=""checkEllipsis"" style=""display:none""><a href=""javascript:melon.link.goArtistDetail('905701');"" title=""TWICE (트와이스) - 페이지 이동"">TWICE (트와이스)</a></span>
</div>","<div class=""ellipsis rank03"">
<a href=""javascript:melon.link.goAlbumDetail('10437786');"" title=""MORE &amp; MORE - 페이지 이동"">MORE &amp; MORE</a>
</div>"
4,"<div class=""ellipsis rank01""><span>
<a href=""javascript:melon.play.playSong('19041301',32559781);"" title=""살짝 설렜어 (Nonstop) 재생"">살짝 설렜어 (Nonstop)</a>
</span></div>","<div class=""ellipsis rank02"">
<a href=""javascript:melon.link.goArtistDetail('857994');"" title=""오마이걸 - 페이지 이동"">오마이걸</a><span class=""checkEllipsis"" style=""display:none""><a href=""javascript:melon.link.goArtistDetail('857994');"" title=""오마이걸 - 페이지 이동"">오마이걸</a></span>
</div>","<div class=""ellipsis rank03"">
<a href=""javascript:melon.link.goAlbumDetail('10423289');"" title=""NONSTOP - 페이지 이동"">NONSTOP</a>
</div>"
5,"<div class=""ellipsis rank01""><span>
<a href=""javascript:melon.play.playSong('19041301',32646938);"" title=""깡 Official Remix 재생"">깡 Official Remix</a>
</span></div>","<div class=""ellipsis rank02"">
<a href=""javascript:melon.link.goArtistDetail('786648');"" title=""식케이 (Sik-K) - 페이지 이동"">식케이 (Sik-K)</a>, <a href=""javascript:melon.link.goArtistDetail('943511');"" title=""pH-1 - 페이지 이동"">pH-1</a>, <a href=""javascript:melon.link.goArtistDetail('443420');"" title=""박재범 - 페이지 이동"">박재범</a>, <a href=""javascript:melon.link.goArtistDetail('2112493');"" title=""김하온 (HAON) - 페이지 이동"">김하온 (HAON)</a><span class=""checkEllipsis"" style=""display:none""><a href=""javascript:melon.link.goArtistDetail('786648');"" title=""식케이 (Sik-K) - 페이지 이동"">식케이 (Sik-K)</a>, <a href=""javascript:melon.link.goArtistDetail('943511');"" title=""pH-1 - 페이지 이동"">pH-1</a>, <a href=""javascript:melon.link.goArtistDetail('443420');"" title=""박재범 - 페이지 이동"">박재범</a>, <a href=""javascript:melon.link.goArtistDetail('2112493');"" title=""김하온 (HAON) - 페이지 이동"">김하온 (HAON)</a></span>
</div>","<div class=""ellipsis rank03"">
<a href=""javascript:melon.link.goAlbumDetail('10439549');"" title=""깡 Official Remix - 페이지 이동"">깡 Official Remix</a>
</div>"
6,"<div class=""ellipsis rank01""><span>
<a href=""javascript:melon.play.playSong('19041301',32583036);"" title=""나비와 고양이 (feat.백현 (BAEKHYUN)) 재생"">나비와 고양이 (feat.백현 (BAEKHYUN))</a>
</span></div>","<div class=""ellipsis rank02"">
<a href=""javascript:melon.link.goArtistDetail('792022');"" title=""볼빨간사춘기 - 페이지 이동"">볼빨간사춘기</a><span class=""checkEllipsis"" style=""display:none""><a href=""javascript:melon.link.goArtistDetail('792022');"" title=""볼빨간사춘기 - 페이지 이동"">볼빨간사춘기</a></span>
</div>","<div class=""ellipsis rank03"">
<a href=""javascript:melon.link.goAlbumDetail('10427559');"" title=""사춘기집Ⅱ 꽃 본 나비 - 페이지 이동"">사춘기집Ⅱ 꽃 본 나비</a>
</div>"
7,"<div class=""ellipsis rank01""><span>
<a href=""javascript:melon.play.playSong('19041301',32473998);"" title=""좋은 사람 있으면 소개시켜줘 재생"">좋은 사람 있으면 소개시켜줘</a>
</span></div>","<div class=""ellipsis rank02"">
<a href=""javascript:melon.link.goArtistDetail('780922');"" title=""조이 (JOY) - 페이지 이동"">조이 (JOY)</a><span class=""checkEllipsis"" style=""display:none""><a href=""javascript:melon.link.goArtistDetail('780922');"" title=""조이 (JOY) - 페이지 이동"">조이 (JOY)</a></span>
</div>","<div class=""ellipsis rank03"">
<a href=""javascript:melon.link.goAlbumDetail('10405712');"" title=""슬기로운 의사생활 OST Part 2 - 페이지 이동"">슬기로운 의사생활 OST Part 2</a>
</div>"
8,"<div class=""ellipsis rank01""><span>
<a href=""javascript:melon.play.playSong('19041301',32631950);"" title=""너에게 난, 나에게 넌 재생"">너에게 난, 나에게 넌</a>
</span></div>","<div class=""ellipsis rank02"">
<a href=""javascript:melon.link.goArtistDetail('2869463');"" title=""미도와 파라솔 - 페이지 이동"">미도와 파라솔</a><span class=""checkEllipsis"" style=""display:none""><a href=""javascript:melon.link.goArtistDetail('2869463');"" title=""미도와 파라솔 - 페이지 이동"">미도와 파라솔</a></span>
</div>","<div class=""ellipsis rank03"">
<a href=""javascript:melon.link.goAlbumDetail('10436942');"" title=""슬기로운 의사생활 OST Part 12 - 페이지 이동"">슬기로운 의사생활 OST Part 12</a>
</div>"
9,"<div class=""ellipsis rank01""><span>
<a href=""javascript:melon.play.playSong('19041301',32508146);"" title=""화려하지 않은 고백 재생"">화려하지 않은 고백</a>
</span></div>","<div class=""ellipsis rank02"">
<a href=""javascript:melon.link.goArtistDetail('205880');"" title=""규현 (KYUHYUN) - 페이지 이동"">규현 (KYUHYUN)</a><span class=""checkEllipsis"" style=""display:none""><a href=""javascript:melon.link.goArtistDetail('205880');"" title=""규현 (KYUHYUN) - 페이지 이동"">규현 (KYUHYUN)</a></span>
</div>","<div class=""ellipsis rank03"">
<a href=""javascript:melon.link.goAlbumDetail('10412335');"" title=""슬기로운 의사생활 OST Part 4 - 페이지 이동"">슬기로운 의사생활 OST Part 4</a>
</div>"
10,"<div class=""ellipsis rank01""><span>
<a href=""javascript:melon.play.playSong('19041301',32345931);"" title=""시작 재생"">시작</a>
</span></div>","<div class=""ellipsis rank02"">
<a href=""javascript:melon.link.goArtistDetail('13494');"" title=""가호 (Gaho) - 페이지 이동"">가호 (Gaho)</a><span class=""checkEllipsis"" style=""display:none""><a href=""javascript:melon.link.goArtistDetail('13494');"" title=""가호 (Gaho) - 페이지 이동"">가호 (Gaho)</a></span>
</div>","<div class=""ellipsis rank03"">
<a href=""javascript:melon.link.goAlbumDetail('10381712');"" title=""이태원 클라쓰 OST Part.2 - 페이지 이동"">이태원 클라쓰 OST Part.2</a>
</div>"
11,"<div class=""ellipsis rank01""><span>
<a href=""javascript:melon.play.playSong('19041301',32486613);"" title=""처음처럼 재생"">처음처럼</a>
</span></div>","<div class=""ellipsis rank02"">
<a href=""javascript:melon.link.goArtistDetail('161636');"" title=""엠씨더맥스 (M.C the MAX) - 페이지 이동"">엠씨더맥스 (M.C the MAX)</a><span class=""checkEllipsis"" style=""display:none""><a href=""javascript:melon.link.goArtistDetail('161636');"" title=""엠씨더맥스 (M.C the MAX) - 페이지 이동"">엠씨더맥스 (M.C the MAX)</a></span>
</div>","<div class=""ellipsis rank03"">
<a href=""javascript:melon.link.goAlbumDetail('10408131');"" title=""CEREMONIA - 페이지 이동"">CEREMONIA</a>
</div>"
12,"<div class=""ellipsis rank01""><span>
<a href=""javascript:melon.play.playSong('19041301',32521396);"" title=""그대 고운 내사랑 재생"">그대 고운 내사랑</a>
</span></div>","<div class=""ellipsis rank02"">
<a href=""javascript:melon.link.goArtistDetail('420527');"" title=""어반자카파 - 페이지 이동"">어반자카파</a><span class=""checkEllipsis"" style=""display:none""><a href=""javascript:melon.link.goArtistDetail('420527');"" title=""어반자카파 - 페이지 이동"">어반자카파</a></span>
</div>","<div class=""ellipsis rank03"">
<a href=""javascript:melon.link.goAlbumDetail('10415229');"" title=""슬기로운 의사생활 OST Part 5 - 페이지 이동"">슬기로운 의사생활 OST Part 5</a>
</div>"
13,"<div class=""ellipsis rank01""><span>
<a href=""javascript:melon.play.playSong('19041301',32003395);"" title=""흔들리는 꽃들 속에서 네 샴푸향이 느껴진거야 재생"">흔들리는 꽃들 속에서 네 샴푸향이 느껴진거야</a>
</span></div>","<div class=""ellipsis rank02"">
<a href=""javascript:melon.link.goArtistDetail('648551');"" title=""장범준 - 페이지 이동"">장범준</a><span class=""checkEllipsis"" style=""display:none""><a href=""javascript:melon.link.goArtistDetail('648551');"" title=""장범준 - 페이지 이동"">장범준</a></span>
</div>","<div class=""ellipsis rank03"">
<a href=""javascript:melon.link.goAlbumDetail('10320500');"" title=""멜로가 체질 OST Part 3 - 페이지 이동"">멜로가 체질 OST Part 3</a>
</div>"
14,"<div class=""ellipsis rank01""><span>
<a href=""javascript:melon.play.playSong('19041301',32313543);"" title=""아무노래 재생"">아무노래</a>
</span></div>","<div class=""ellipsis rank02"">
<a href=""javascript:melon.link.goArtistDetail('602056');"" title=""지코 (ZICO) - 페이지 이동"">지코 (ZICO)</a><span class=""checkEllipsis"" style=""display:none""><a href=""javascript:melon.link.goArtistDetail('602056');"" title=""지코 (ZICO) - 페이지 이동"">지코 (ZICO)</a></span>
</div>","<div class=""ellipsis rank03"">
<a href=""javascript:melon.link.goAlbumDetail('10375118');"" title=""아무노래 - 페이지 이동"">아무노래</a>
</div>"
15,"<div class=""ellipsis rank01""><span>
<a href=""javascript:melon.play.playSong('19041301',32559782);"" title=""Dolphin 재생"">Dolphin</a>
</span></div>","<div class=""ellipsis rank02"">
<a href=""javascript:melon.link.goArtistDetail('857994');"" title=""오마이걸 - 페이지 이동"">오마이걸</a><span class=""checkEllipsis"" style=""display:none""><a href=""javascript:melon.link.goArtistDetail('857994');"" title=""오마이걸 - 페이지 이동"">오마이걸</a></span>
</div>","<div class=""ellipsis rank03"">
<a href=""javascript:melon.link.goAlbumDetail('10423289');"" title=""NONSTOP - 페이지 이동"">NONSTOP</a>
</div>"
16,"<div class=""ellipsis rank01""><span>
<a href=""javascript:melon.play.playSong('19041301',32620700);"" title=""Candy 재생"">Candy</a>
</span></div>","<div class=""ellipsis rank02"">
<a href=""javascript:melon.link.goArtistDetail('672859');"" title=""백현 (BAEKHYUN) - 페이지 이동"">백현 (BAEKHYUN)</a><span class=""checkEllipsis"" style=""display:none""><a href=""javascript:melon.link.goArtistDetail('672859');"" title=""백현 (BAEKHYUN) - 페이지 이동"">백현 (BAEKHYUN)</a></span>
</div>","<div class=""ellipsis rank03"">
<a href=""javascript:melon.link.goAlbumDetail('10434955');"" title=""Delight - The 2nd Mini Album - 페이지 이동"">Delight - The 2nd Mini Album</a>
</div>"
17,"<div class=""ellipsis rank01""><span>
<a href=""javascript:melon.play.playSong('19041301',32528369);"" title=""덤더럼(Dumhdurum) 재생"">덤더럼(Dumhdurum)</a>
</span></div>","<div class=""ellipsis rank02"">
<a href=""javascript:melon.link.goArtistDetail('534360');"" title=""Apink (에이핑크) - 페이지 이동"">Apink (에이핑크)</a><span class=""checkEllipsis"" style=""display:none""><a href=""javascript:melon.link.goArtistDetail('534360');"" title=""Apink (에이핑크) - 페이지 이동"">Apink (에이핑크)</a></span>
</div>","<div class=""ellipsis rank03"">
<a href=""javascript:melon.link.goAlbumDetail('10416723');"" title=""LOOK - 페이지 이동"">LOOK</a>
</div>"
18,"<div class=""ellipsis rank01""><span>
<a href=""javascript:melon.play.playSong('19041301',31979846);"" title=""Dance Monkey 재생"">Dance Monkey</a>
</span></div>","<div class=""ellipsis rank02"">
<a href=""javascript:melon.link.goArtistDetail('2742009');"" title=""Tones And I - 페이지 이동"">Tones And I</a><span class=""checkEllipsis"" style=""display:none""><a href=""javascript:melon.link.goArtistDetail('2742009');"" title=""Tones And I - 페이지 이동"">Tones And I</a></span>
</div>","<div class=""ellipsis rank03"">
<a href=""javascript:melon.link.goAlbumDetail('10316394');"" title=""The Kids Are Coming - 페이지 이동"">The Kids Are Coming</a>
</div>"
19,"<div class=""ellipsis rank01""><span>
<a href=""javascript:melon.play.playSong('19041301',32399830);"" title=""ON 재생"">ON</a>
</span></div>","<div class=""ellipsis rank02"">
<a href=""javascript:melon.link.goArtistDetail('672375');"" title=""방탄소년단 - 페이지 이동"">방탄소년단</a><span class=""checkEllipsis"" style=""display:none""><a href=""javascript:melon.link.goArtistDetail('672375');"" title=""방탄소년단 - 페이지 이동"">방탄소년단</a></span>
</div>","<div class=""ellipsis rank03"">
<a href=""javascript:melon.link.goAlbumDetail('10377346');"" title=""MAP OF THE SOUL : 7 - 페이지 이동"">MAP OF THE SOUL : 7</a>
</div>"
20,"<div class=""ellipsis rank01""><span>
<a href=""javascript:melon.play.playSong('19041301',32224272);"" title=""METEOR 재생"">METEOR</a>
</span></div>","<div class=""ellipsis rank02"">
<a href=""javascript:melon.link.goArtistDetail('774900');"" title=""창모 (CHANGMO) - 페이지 이동"">창모 (CHANGMO)</a><span class=""checkEllipsis"" style=""display:none""><a href=""javascript:melon.link.goArtistDetail('774900');"" title=""창모 (CHANGMO) - 페이지 이동"">창모 (CHANGMO)</a></span>
</div>","<div class=""ellipsis rank03"">
<a href=""javascript:melon.link.goAlbumDetail('10359162');"" title=""Boyhood - 페이지 이동"">Boyhood</a>
</div>"
21,"<div class=""ellipsis rank01""><span>
<a href=""javascript:melon.play.playSong('19041301',32183386);"" title=""Blueming 재생"">Blueming</a>
</span></div>","<div class=""ellipsis rank02"">
<a href=""javascript:melon.link.goArtistDetail('261143');"" title=""아이유 - 페이지 이동"">아이유</a><span class=""checkEllipsis"" style=""display:none""><a href=""javascript:melon.link.goArtistDetail('261143');"" title=""아이유 - 페이지 이동"">아이유</a></span>
</div>","<div class=""ellipsis rank03"">
<a href=""javascript:melon.link.goAlbumDetail('10346650');"" title=""Love poem - 페이지 이동"">Love poem</a>
</div>"
22,"<div class=""ellipsis rank01""><span>
<a href=""javascript:melon.play.playSong('19041301',32561690);"" title=""내 눈물 모아 재생"">내 눈물 모아</a>
</span></div>","<div class=""ellipsis rank02"">
<a href=""javascript:melon.link.goArtistDetail('756533');"" title=""휘인 (Whee In) - 페이지 이동"">휘인 (Whee In)</a><span class=""checkEllipsis"" style=""display:none""><a href=""javascript:melon.link.goArtistDetail('756533');"" title=""휘인 (Whee In) - 페이지 이동"">휘인 (Whee In)</a></span>
</div>","<div class=""ellipsis rank03"">
<a href=""javascript:melon.link.goAlbumDetail('10423707');"" title=""슬기로운 의사생활 OST Part 8 - 페이지 이동"">슬기로운 의사생활 OST Part 8</a>
</div>"
23,"<div class=""ellipsis rank01""><span>
<a href=""javascript:melon.play.playSong('19041301',32055419);"" title=""Memories 재생"">Memories</a>
</span></div>","<div class=""ellipsis rank02"">
<a href=""javascript:melon.link.goArtistDetail('107721');"" title=""Maroon 5 - 페이지 이동"">Maroon 5</a><span class=""checkEllipsis"" style=""display:none""><a href=""javascript:melon.link.goArtistDetail('107721');"" title=""Maroon 5 - 페이지 이동"">Maroon 5</a></span>
</div>","<div class=""ellipsis rank03"">
<a href=""javascript:melon.link.goAlbumDetail('10330593');"" title=""Memories - 페이지 이동"">Memories</a>
</div>"
24,"<div class=""ellipsis rank01""><span>
<a href=""javascript:melon.play.playSong('19041301',31737197);"" title=""작은 것들을 위한 시 (Boy With Luv) (Feat. Halsey) 재생"">작은 것들을 위한 시 (Boy With Luv) (Feat. Halsey)</a>
</span></div>","<div class=""ellipsis rank02"">
<a href=""javascript:melon.link.goArtistDetail('672375');"" title=""방탄소년단 - 페이지 이동"">방탄소년단</a><span class=""checkEllipsis"" style=""display:none""><a href=""javascript:melon.link.goArtistDetail('672375');"" title=""방탄소년단 - 페이지 이동"">방탄소년단</a></span>
</div>","<div class=""ellipsis rank03"">
<a href=""javascript:melon.link.goAlbumDetail('10273641');"" title=""MAP OF THE SOUL : PERSONA - 페이지 이동"">MAP OF THE SOUL : PERSONA</a>
</div>"
25,"<div class=""ellipsis rank01""><span>
<a href=""javascript:melon.play.playSong('19041301',32137576);"" title=""Don't Start Now 재생"">Don't Start Now</a>
</span></div>","<div class=""ellipsis rank02"">
<a href=""javascript:melon.link.goArtistDetail('889721');"" title=""Dua Lipa - 페이지 이동"">Dua Lipa</a><span class=""checkEllipsis"" style=""display:none""><a href=""javascript:melon.link.goArtistDetail('889721');"" title=""Dua Lipa - 페이지 이동"">Dua Lipa</a></span>
</div>","<div class=""ellipsis rank03"">
<a href=""javascript:melon.link.goAlbumDetail('10345880');"" title=""Future Nostalgia - 페이지 이동"">Future Nostalgia</a>
</div>"
26,"<div class=""ellipsis rank01""><span>
<a href=""javascript:melon.play.playSong('19041301',32378104);"" title=""마음을 드려요 재생"">마음을 드려요</a>
</span></div>","<div class=""ellipsis rank02"">
<a href=""javascript:melon.link.goArtistDetail('261143');"" title=""아이유 - 페이지 이동"">아이유</a><span class=""checkEllipsis"" style=""display:none""><a href=""javascript:melon.link.goArtistDetail('261143');"" title=""아이유 - 페이지 이동"">아이유</a></span>
</div>","<div class=""ellipsis rank03"">
<a href=""javascript:melon.link.goAlbumDetail('10388744');"" title=""사랑의 불시착 OST Part 11 - 페이지 이동"">사랑의 불시착 OST Part 11</a>
</div>"
27,"<div class=""ellipsis rank01""><span>
<a href=""javascript:melon.play.playSong('19041301',32377231);"" title=""그때 그 아인 재생"">그때 그 아인</a>
</span></div>","<div class=""ellipsis rank02"">
<a href=""javascript:melon.link.goArtistDetail('561051');"" title=""김필 - 페이지 이동"">김필</a><span class=""checkEllipsis"" style=""display:none""><a href=""javascript:melon.link.goArtistDetail('561051');"" title=""김필 - 페이지 이동"">김필</a></span>
</div>","<div class=""ellipsis rank03"">
<a href=""javascript:melon.link.goAlbumDetail('10388581');"" title=""이태원 클라쓰 OST Part.6 - 페이지 이동"">이태원 클라쓰 OST Part.6</a>
</div>"
28,"<div class=""ellipsis rank01""><span>
<a href=""javascript:melon.play.playSong('19041301',32361098);"" title=""돌덩이 재생"">돌덩이</a>
</span></div>","<div class=""ellipsis rank02"">
<a href=""javascript:melon.link.goArtistDetail('612072');"" title=""하현우 (국카스텐) - 페이지 이동"">하현우 (국카스텐)</a><span class=""checkEllipsis"" style=""display:none""><a href=""javascript:melon.link.goArtistDetail('612072');"" title=""하현우 (국카스텐) - 페이지 이동"">하현우 (국카스텐)</a></span>
</div>","<div class=""ellipsis rank03"">
<a href=""javascript:melon.link.goAlbumDetail('10385262');"" title=""이태원 클라쓰 OST Part.3 - 페이지 이동"">이태원 클라쓰 OST Part.3</a>
</div>"
29,"<div class=""ellipsis rank01""><span>
<a href=""javascript:melon.play.playSong('19041301',32438894);"" title=""어떻게 지내 (Prod. By VAN.C) 재생"">어떻게 지내 (Prod. By VAN.C)</a>
</span></div>","<div class=""ellipsis rank02"">
<a href=""javascript:melon.link.goArtistDetail('925515');"" title=""오반 - 페이지 이동"">오반</a><span class=""checkEllipsis"" style=""display:none""><a href=""javascript:melon.link.goArtistDetail('925515');"" title=""오반 - 페이지 이동"">오반</a></span>
</div>","<div class=""ellipsis rank03"">
<a href=""javascript:melon.link.goAlbumDetail('10399190');"" title=""어떻게 지내 - 페이지 이동"">어떻게 지내</a>
</div>"
30,"<div class=""ellipsis rank01""><span>
<a href=""javascript:melon.play.playSong('19041301',32156286);"" title=""늦은 밤 너의 집 앞 골목길에서 재생"">늦은 밤 너의 집 앞 골목길에서</a>
</span></div>","<div class=""ellipsis rank02"">
<a href=""javascript:melon.link.goArtistDetail('105623');"" title=""노을 - 페이지 이동"">노을</a><span class=""checkEllipsis"" style=""display:none""><a href=""javascript:melon.link.goArtistDetail('105623');"" title=""노을 - 페이지 이동"">노을</a></span>
</div>","<div class=""ellipsis rank03"">
<a href=""javascript:melon.link.goAlbumDetail('10348811');"" title=""늦은 밤 너의 집 앞 골목길에서 - 페이지 이동"">늦은 밤 너의 집 앞 골목길에서</a>
</div>"
31,"<div class=""ellipsis rank01""><span>
<a href=""javascript:melon.play.playSong('19041301',32298623);"" title=""너를 사랑하고 있어 재생"">너를 사랑하고 있어</a>
</span></div>","<div class=""ellipsis rank02"">
<a href=""javascript:melon.link.goArtistDetail('672859');"" title=""백현 (BAEKHYUN) - 페이지 이동"">백현 (BAEKHYUN)</a><span class=""checkEllipsis"" style=""display:none""><a href=""javascript:melon.link.goArtistDetail('672859');"" title=""백현 (BAEKHYUN) - 페이지 이동"">백현 (BAEKHYUN)</a></span>
</div>","<div class=""ellipsis rank03"">
<a href=""javascript:melon.link.goAlbumDetail('10372655');"" title=""낭만닥터 김사부 2 OST Part.1 - 페이지 이동"">낭만닥터 김사부 2 OST Part.1</a>
</div>"
32,"<div class=""ellipsis rank01""><span>
<a href=""javascript:melon.play.playSong('19041301',32572926);"" title=""Happy 재생"">Happy</a>
</span></div>","<div class=""ellipsis rank02"">
<a href=""javascript:melon.link.goArtistDetail('236797');"" title=""태연 (TAEYEON) - 페이지 이동"">태연 (TAEYEON)</a><span class=""checkEllipsis"" style=""display:none""><a href=""javascript:melon.link.goArtistDetail('236797');"" title=""태연 (TAEYEON) - 페이지 이동"">태연 (TAEYEON)</a></span>
</div>","<div class=""ellipsis rank03"">
<a href=""javascript:melon.link.goAlbumDetail('10425647');"" title=""Happy - 페이지 이동"">Happy</a>
</div>"
33,"<div class=""ellipsis rank01""><span>
<a href=""javascript:melon.play.playSong('19041301',31029291);"" title=""2002 재생"">2002</a>
</span></div>","<div class=""ellipsis rank02"">
<a href=""javascript:melon.link.goArtistDetail('870307');"" title=""Anne-Marie - 페이지 이동"">Anne-Marie</a><span class=""checkEllipsis"" style=""display:none""><a href=""javascript:melon.link.goArtistDetail('870307');"" title=""Anne-Marie - 페이지 이동"">Anne-Marie</a></span>
</div>","<div class=""ellipsis rank03"">
<a href=""javascript:melon.link.goAlbumDetail('10137250');"" title=""Speak Your Mind (Deluxe) - 페이지 이동"">Speak Your Mind (Deluxe)</a>
</div>"
34,"<div class=""ellipsis rank01""><span>
<a href=""javascript:melon.play.playSong('19041301',32273582);"" title=""Psycho 재생"">Psycho</a>
</span></div>","<div class=""ellipsis rank02"">
<a href=""javascript:melon.link.goArtistDetail('780066');"" title=""Red Velvet (레드벨벳) - 페이지 이동"">Red Velvet (레드벨벳)</a><span class=""checkEllipsis"" style=""display:none""><a href=""javascript:melon.link.goArtistDetail('780066');"" title=""Red Velvet (레드벨벳) - 페이지 이동"">Red Velvet (레드벨벳)</a></span>
</div>","<div class=""ellipsis rank03"">
<a href=""javascript:melon.link.goAlbumDetail('10368053');"" title=""‘The ReVe Festival’ Finale - 페이지 이동"">‘The ReVe Festival’ Finale</a>
</div>"
35,"<div class=""ellipsis rank01""><span>
<a href=""javascript:melon.play.playSong('19041301',32445339);"" title=""WANNABE 재생"">WANNABE</a>
</span></div>","<div class=""ellipsis rank02"">
<a href=""javascript:melon.link.goArtistDetail('2622030');"" title=""ITZY (있지) - 페이지 이동"">ITZY (있지)</a><span class=""checkEllipsis"" style=""display:none""><a href=""javascript:melon.link.goArtistDetail('2622030');"" title=""ITZY (있지) - 페이지 이동"">ITZY (있지)</a></span>
</div>","<div class=""ellipsis rank03"">
<a href=""javascript:melon.link.goAlbumDetail('10400522');"" title=""IT'z ME - 페이지 이동"">IT'z ME</a>
</div>"
36,"<div class=""ellipsis rank01""><span>
<a href=""javascript:melon.play.playSong('19041301',31853557);"" title=""오늘도 빛나는 너에게 (To You My Light) (Feat.이라온) 재생"">오늘도 빛나는 너에게 (To You My Light) (Feat.이라온)</a>
</span></div>","<div class=""ellipsis rank02"">
<a href=""javascript:melon.link.goArtistDetail('566431');"" title=""마크툽 (MAKTUB) - 페이지 이동"">마크툽 (MAKTUB)</a><span class=""checkEllipsis"" style=""display:none""><a href=""javascript:melon.link.goArtistDetail('566431');"" title=""마크툽 (MAKTUB) - 페이지 이동"">마크툽 (MAKTUB)</a></span>
</div>","<div class=""ellipsis rank03"">
<a href=""javascript:melon.link.goAlbumDetail('10294603');"" title=""Red Moon : To You My Light - 페이지 이동"">Red Moon : To You My Light</a>
</div>"
37,"<div class=""ellipsis rank01""><span>
<a href=""javascript:melon.play.playSong('19041301',32224409);"" title=""반만 재생"">반만</a>
</span></div>","<div class=""ellipsis rank02"">
<a href=""javascript:melon.link.goArtistDetail('695512');"" title=""진민호 - 페이지 이동"">진민호</a><span class=""checkEllipsis"" style=""display:none""><a href=""javascript:melon.link.goArtistDetail('695512');"" title=""진민호 - 페이지 이동"">진민호</a></span>
</div>","<div class=""ellipsis rank03"">
<a href=""javascript:melon.link.goAlbumDetail('10359204');"" title=""반만 - 페이지 이동"">반만</a>
</div>"
38,"<div class=""ellipsis rank01""><span>
<a href=""javascript:melon.play.playSong('19041301',30764790);"" title=""깡 재생"">깡</a>
</span></div>","<div class=""ellipsis rank02"">
<a href=""javascript:melon.link.goArtistDetail('17671');"" title=""비 - 페이지 이동"">비</a><span class=""checkEllipsis"" style=""display:none""><a href=""javascript:melon.link.goArtistDetail('17671');"" title=""비 - 페이지 이동"">비</a></span>
</div>","<div class=""ellipsis rank03"">
<a href=""javascript:melon.link.goAlbumDetail('10114544');"" title=""MY LIFE愛 - 페이지 이동"">MY LIFE愛</a>
</div>"
39,"<div class=""ellipsis rank01""><span>
<a href=""javascript:melon.play.playSong('19041301',32508053);"" title=""이제 나만 믿어요 재생"">이제 나만 믿어요</a>
</span></div>","<div class=""ellipsis rank02"">
<a href=""javascript:melon.link.goArtistDetail('994944');"" title=""임영웅 - 페이지 이동"">임영웅</a><span class=""checkEllipsis"" style=""display:none""><a href=""javascript:melon.link.goArtistDetail('994944');"" title=""임영웅 - 페이지 이동"">임영웅</a></span>
</div>","<div class=""ellipsis rank03"">
<a href=""javascript:melon.link.goAlbumDetail('10412319');"" title=""내일은 미스터트롯 우승자 특전곡 - 페이지 이동"">내일은 미스터트롯 우승자 특전곡</a>
</div>"
40,"<div class=""ellipsis rank01""><span>
<a href=""javascript:melon.play.playSong('19041301',32550314);"" title=""우리 만남이 재생"">우리 만남이</a>
</span></div>","<div class=""ellipsis rank02"">
<a href=""javascript:melon.link.goArtistDetail('752425');"" title=""폴킴 - 페이지 이동"">폴킴</a><span class=""checkEllipsis"" style=""display:none""><a href=""javascript:melon.link.goArtistDetail('752425');"" title=""폴킴 - 페이지 이동"">폴킴</a></span>
</div>","<div class=""ellipsis rank03"">
<a href=""javascript:melon.link.goAlbumDetail('10421264');"" title=""정규 2집 '마음, 둘' - 페이지 이동"">정규 2집 '마음, 둘'</a>
</div>"
41,"<div class=""ellipsis rank01""><span>
<a href=""javascript:melon.play.playSong('19041301',32616054);"" title=""취했나봐 재생"">취했나봐</a>
</span></div>","<div class=""ellipsis rank02"">
<a href=""javascript:melon.link.goArtistDetail('1865473');"" title=""황인욱 - 페이지 이동"">황인욱</a><span class=""checkEllipsis"" style=""display:none""><a href=""javascript:melon.link.goArtistDetail('1865473');"" title=""황인욱 - 페이지 이동"">황인욱</a></span>
</div>","<div class=""ellipsis rank03"">
<a href=""javascript:melon.link.goAlbumDetail('10434085');"" title=""취했나봐 - 페이지 이동"">취했나봐</a>
</div>"
42,"<div class=""ellipsis rank01""><span>
<a href=""javascript:melon.play.playSong('19041301',30962526);"" title=""모든 날, 모든 순간 (Every day, Every Moment) 재생"">모든 날, 모든 순간 (Every day, Every Moment)</a>
</span></div>","<div class=""ellipsis rank02"">
<a href=""javascript:melon.link.goArtistDetail('752425');"" title=""폴킴 - 페이지 이동"">폴킴</a><span class=""checkEllipsis"" style=""display:none""><a href=""javascript:melon.link.goArtistDetail('752425');"" title=""폴킴 - 페이지 이동"">폴킴</a></span>
</div>","<div class=""ellipsis rank03"">
<a href=""javascript:melon.link.goAlbumDetail('10149492');"" title=""`키스 먼저 할까요?` OST Part.3 - 페이지 이동"">`키스 먼저 할까요?` OST Part.3</a>
</div>"
43,"<div class=""ellipsis rank01""><span>
<a href=""javascript:melon.play.playSong('19041301',32455023);"" title=""Lonely Night 재생"">Lonely Night</a>
</span></div>","<div class=""ellipsis rank02"">
<a href=""javascript:melon.link.goArtistDetail('760046');"" title=""권진아 - 페이지 이동"">권진아</a><span class=""checkEllipsis"" style=""display:none""><a href=""javascript:melon.link.goArtistDetail('760046');"" title=""권진아 - 페이지 이동"">권진아</a></span>
</div>","<div class=""ellipsis rank03"">
<a href=""javascript:melon.link.goAlbumDetail('10401953');"" title=""슬기로운 의사생활 OST Part 1 - 페이지 이동"">슬기로운 의사생활 OST Part 1</a>
</div>"
44,"<div class=""ellipsis rank01""><span>
<a href=""javascript:melon.play.playSong('19041301',32122539);"" title=""Maniac 재생"">Maniac</a>
</span></div>","<div class=""ellipsis rank02"">
<a href=""javascript:melon.link.goArtistDetail('2398189');"" title=""Conan Gray - 페이지 이동"">Conan Gray</a><span class=""checkEllipsis"" style=""display:none""><a href=""javascript:melon.link.goArtistDetail('2398189');"" title=""Conan Gray - 페이지 이동"">Conan Gray</a></span>
</div>","<div class=""ellipsis rank03"">
<a href=""javascript:melon.link.goAlbumDetail('10343276');"" title=""Maniac - 페이지 이동"">Maniac</a>
</div>"
45,"<div class=""ellipsis rank01""><span>
<a href=""javascript:melon.play.playSong('19041301',32061975);"" title=""어떻게 이별까지 사랑하겠어, 널 사랑하는 거지 재생"">어떻게 이별까지 사랑하겠어, 널 사랑하는 거지</a>
</span></div>","<div class=""ellipsis rank02"">
<a href=""javascript:melon.link.goArtistDetail('712452');"" title=""AKMU (악동뮤지션) - 페이지 이동"">AKMU (악동뮤지션)</a><span class=""checkEllipsis"" style=""display:none""><a href=""javascript:melon.link.goArtistDetail('712452');"" title=""AKMU (악동뮤지션) - 페이지 이동"">AKMU (악동뮤지션)</a></span>
</div>","<div class=""ellipsis rank03"">
<a href=""javascript:melon.link.goAlbumDetail('10331947');"" title=""항해 - 페이지 이동"">항해</a>
</div>"
46,"<div class=""ellipsis rank01""><span>
<a href=""javascript:melon.play.playSong('19041301',32399832);"" title=""00:00 (Zero O’Clock) 재생"">00:00 (Zero O’Clock)</a>
</span></div>","<div class=""ellipsis rank02"">
<a href=""javascript:melon.link.goArtistDetail('672375');"" title=""방탄소년단 - 페이지 이동"">방탄소년단</a><span class=""checkEllipsis"" style=""display:none""><a href=""javascript:melon.link.goArtistDetail('672375');"" title=""방탄소년단 - 페이지 이동"">방탄소년단</a></span>
</div>","<div class=""ellipsis rank03"">
<a href=""javascript:melon.link.goAlbumDetail('10377346');"" title=""MAP OF THE SOUL : 7 - 페이지 이동"">MAP OF THE SOUL : 7</a>
</div>"
47,"<div class=""ellipsis rank01""><span>
<a href=""javascript:melon.play.playSong('19041301',32187544);"" title=""우리 왜 헤어져야 해 재생"">우리 왜 헤어져야 해</a>
</span></div>","<div class=""ellipsis rank02"">
<a href=""javascript:melon.link.goArtistDetail('2740042');"" title=""신예영 - 페이지 이동"">신예영</a><span class=""checkEllipsis"" style=""display:none""><a href=""javascript:melon.link.goArtistDetail('2740042');"" title=""신예영 - 페이지 이동"">신예영</a></span>
</div>","<div class=""ellipsis rank03"">
<a href=""javascript:melon.link.goAlbumDetail('10353881');"" title=""우리 왜 헤어져야 해 - 페이지 이동"">우리 왜 헤어져야 해</a>
</div>"
48,"<div class=""ellipsis rank01""><span>
<a href=""javascript:melon.play.playSong('19041301',32596760);"" title=""밤이 깊었네 (Drama Ver.) 재생"">밤이 깊었네 (Drama Ver.)</a>
</span></div>","<div class=""ellipsis rank02"">
<a href=""javascript:melon.link.goArtistDetail('2869463');"" title=""미도와 파라솔 - 페이지 이동"">미도와 파라솔</a><span class=""checkEllipsis"" style=""display:none""><a href=""javascript:melon.link.goArtistDetail('2869463');"" title=""미도와 파라솔 - 페이지 이동"">미도와 파라솔</a></span>
</div>","<div class=""ellipsis rank03"">
<a href=""javascript:melon.link.goAlbumDetail('10430453');"" title=""슬기로운 의사생활 OST Part 10 - 페이지 이동"">슬기로운 의사생활 OST Part 10</a>
</div>"
49,"<div class=""ellipsis rank01""><span>
<a href=""javascript:melon.play.playSong('19041301',32323969);"" title=""Black Swan 재생"">Black Swan</a>
</span></div>","<div class=""ellipsis rank02"">
<a href=""javascript:melon.link.goArtistDetail('672375');"" title=""방탄소년단 - 페이지 이동"">방탄소년단</a><span class=""checkEllipsis"" style=""display:none""><a href=""javascript:melon.link.goArtistDetail('672375');"" title=""방탄소년단 - 페이지 이동"">방탄소년단</a></span>
</div>","<div class=""ellipsis rank03"">
<a href=""javascript:melon.link.goAlbumDetail('10377346');"" title=""MAP OF THE SOUL : 7 - 페이지 이동"">MAP OF THE SOUL : 7</a>
</div>"
50,"<div class=""ellipsis rank01""><span>
<a href=""javascript:melon.play.playSong('19041301',32381408);"" title=""FIESTA 재생"">FIESTA</a>
</span></div>","<div class=""ellipsis rank02"">
<a href=""javascript:melon.link.goArtistDetail('2398653');"" title=""IZ*ONE (아이즈원) - 페이지 이동"">IZ*ONE (아이즈원)</a><span class=""checkEllipsis"" style=""display:none""><a href=""javascript:melon.link.goArtistDetail('2398653');"" title=""IZ*ONE (아이즈원) - 페이지 이동"">IZ*ONE (아이즈원)</a></span>
</div>","<div class=""ellipsis rank03"">
<a href=""javascript:melon.link.goAlbumDetail('10389281');"" title=""BLOOM*IZ - 페이지 이동"">BLOOM*IZ</a>
</div>"
51,"<div class=""ellipsis rank01""><span>
<a href=""javascript:melon.play.playSong('19041301',31984204);"" title=""안녕 재생"">안녕</a>
</span></div>","<div class=""ellipsis rank02"">
<a href=""javascript:melon.link.goArtistDetail('752425');"" title=""폴킴 - 페이지 이동"">폴킴</a><span class=""checkEllipsis"" style=""display:none""><a href=""javascript:melon.link.goArtistDetail('752425');"" title=""폴킴 - 페이지 이동"">폴킴</a></span>
</div>","<div class=""ellipsis rank03"">
<a href=""javascript:melon.link.goAlbumDetail('10317137');"" title=""호텔 델루나 OST Part.10 - 페이지 이동"">호텔 델루나 OST Part.10</a>
</div>"
52,"<div class=""ellipsis rank01""><span>
<a href=""javascript:melon.play.playSong('19041301',32594046);"" title=""품 재생"">품</a>
</span></div>","<div class=""ellipsis rank02"">
<a href=""javascript:melon.link.goArtistDetail('792022');"" title=""볼빨간사춘기 - 페이지 이동"">볼빨간사춘기</a><span class=""checkEllipsis"" style=""display:none""><a href=""javascript:melon.link.goArtistDetail('792022');"" title=""볼빨간사춘기 - 페이지 이동"">볼빨간사춘기</a></span>
</div>","<div class=""ellipsis rank03"">
<a href=""javascript:melon.link.goAlbumDetail('10427559');"" title=""사춘기집Ⅱ 꽃 본 나비 - 페이지 이동"">사춘기집Ⅱ 꽃 본 나비</a>
</div>"
53,"<div class=""ellipsis rank01""><span>
<a href=""javascript:melon.play.playSong('19041301',32143487);"" title=""Love poem 재생"">Love poem</a>
</span></div>","<div class=""ellipsis rank02"">
<a href=""javascript:melon.link.goArtistDetail('261143');"" title=""아이유 - 페이지 이동"">아이유</a><span class=""checkEllipsis"" style=""display:none""><a href=""javascript:melon.link.goArtistDetail('261143');"" title=""아이유 - 페이지 이동"">아이유</a></span>
</div>","<div class=""ellipsis rank03"">
<a href=""javascript:melon.link.goAlbumDetail('10346650');"" title=""Love poem - 페이지 이동"">Love poem</a>
</div>"
54,"<div class=""ellipsis rank01""><span>
<a href=""javascript:melon.play.playSong('19041301',32584913);"" title=""Stuck with U 재생"">Stuck with U</a>
</span></div>","<div class=""ellipsis rank02"">
<a href=""javascript:melon.link.goArtistDetail('597451');"" title=""Ariana Grande - 페이지 이동"">Ariana Grande</a>, <a href=""javascript:melon.link.goArtistDetail('420621');"" title=""Justin Bieber - 페이지 이동"">Justin Bieber</a><span class=""checkEllipsis"" style=""display:none""><a href=""javascript:melon.link.goArtistDetail('597451');"" title=""Ariana Grande - 페이지 이동"">Ariana Grande</a>, <a href=""javascript:melon.link.goArtistDetail('420621');"" title=""Justin Bieber - 페이지 이동"">Justin Bieber</a></span>
</div>","<div class=""ellipsis rank03"">
<a href=""javascript:melon.link.goAlbumDetail('10428037');"" title=""Stuck with U - 페이지 이동"">Stuck with U</a>
</div>"
55,"<div class=""ellipsis rank01""><span>
<a href=""javascript:melon.play.playSong('19041301',32607375);"" title=""자나깨나 (Feat. 조이 of Red Velvet) 재생"">자나깨나 (Feat. 조이 of Red Velvet)</a>
</span></div>","<div class=""ellipsis rank02"">
<a href=""javascript:melon.link.goArtistDetail('674710');"" title=""Crush - 페이지 이동"">Crush</a><span class=""checkEllipsis"" style=""display:none""><a href=""javascript:melon.link.goArtistDetail('674710');"" title=""Crush - 페이지 이동"">Crush</a></span>
</div>","<div class=""ellipsis rank03"">
<a href=""javascript:melon.link.goAlbumDetail('10432576');"" title=""homemade 1 - 페이지 이동"">homemade 1</a>
</div>"
56,"<div class=""ellipsis rank01""><span>
<a href=""javascript:melon.play.playSong('19041301',32457751);"" title=""찐이야 재생"">찐이야</a>
</span></div>","<div class=""ellipsis rank02"">
<a href=""javascript:melon.link.goArtistDetail('753762');"" title=""영탁 - 페이지 이동"">영탁</a><span class=""checkEllipsis"" style=""display:none""><a href=""javascript:melon.link.goArtistDetail('753762');"" title=""영탁 - 페이지 이동"">영탁</a></span>
</div>","<div class=""ellipsis rank03"">
<a href=""javascript:melon.link.goAlbumDetail('10402513');"" title=""내일은 미스터트롯 결승전 베스트 - 페이지 이동"">내일은 미스터트롯 결승전 베스트</a>
</div>"
57,"<div class=""ellipsis rank01""><span>
<a href=""javascript:melon.play.playSong('19041301',32399834);"" title=""친구 재생"">친구</a>
</span></div>","<div class=""ellipsis rank02"">
<a href=""javascript:melon.link.goArtistDetail('672375');"" title=""방탄소년단 - 페이지 이동"">방탄소년단</a><span class=""checkEllipsis"" style=""display:none""><a href=""javascript:melon.link.goArtistDetail('672375');"" title=""방탄소년단 - 페이지 이동"">방탄소년단</a></span>
</div>","<div class=""ellipsis rank03"">
<a href=""javascript:melon.link.goAlbumDetail('10377346');"" title=""MAP OF THE SOUL : 7 - 페이지 이동"">MAP OF THE SOUL : 7</a>
</div>"
58,"<div class=""ellipsis rank01""><span>
<a href=""javascript:melon.play.playSong('19041301',32175937);"" title=""HIP 재생"">HIP</a>
</span></div>","<div class=""ellipsis rank02"">
<a href=""javascript:melon.link.goArtistDetail('750053');"" title=""마마무 (Mamamoo) - 페이지 이동"">마마무 (Mamamoo)</a><span class=""checkEllipsis"" style=""display:none""><a href=""javascript:melon.link.goArtistDetail('750053');"" title=""마마무 (Mamamoo) - 페이지 이동"">마마무 (Mamamoo)</a></span>
</div>","<div class=""ellipsis rank03"">
<a href=""javascript:melon.link.goAlbumDetail('10351886');"" title=""reality in BLACK - 페이지 이동"">reality in BLACK</a>
</div>"
59,"<div class=""ellipsis rank01""><span>
<a href=""javascript:melon.play.playSong('19041301',31341518);"" title=""Paris In The Rain 재생"">Paris In The Rain</a>
</span></div>","<div class=""ellipsis rank02"">
<a href=""javascript:melon.link.goArtistDetail('1956543');"" title=""Lauv - 페이지 이동"">Lauv</a><span class=""checkEllipsis"" style=""display:none""><a href=""javascript:melon.link.goArtistDetail('1956543');"" title=""Lauv - 페이지 이동"">Lauv</a></span>
</div>","<div class=""ellipsis rank03"">
<a href=""javascript:melon.link.goAlbumDetail('10209752');"" title=""I met you when I was 18. (the playlist) - 페이지 이동"">I met you when I was 18. (the playlist)</a>
</div>"
60,"<div class=""ellipsis rank01""><span>
<a href=""javascript:melon.play.playSong('19041301',32620702);"" title=""Bungee 재생"">Bungee</a>
</span></div>","<div class=""ellipsis rank02"">
<a href=""javascript:melon.link.goArtistDetail('672859');"" title=""백현 (BAEKHYUN) - 페이지 이동"">백현 (BAEKHYUN)</a><span class=""checkEllipsis"" style=""display:none""><a href=""javascript:melon.link.goArtistDetail('672859');"" title=""백현 (BAEKHYUN) - 페이지 이동"">백현 (BAEKHYUN)</a></span>
</div>","<div class=""ellipsis rank03"">
<a href=""javascript:melon.link.goAlbumDetail('10434955');"" title=""Delight - The 2nd Mini Album - 페이지 이동"">Delight - The 2nd Mini Album</a>
</div>"
61,"<div class=""ellipsis rank01""><span>
<a href=""javascript:melon.play.playSong('19041301',32556676);"" title=""너를 그린 우주 (Insomnia2020) (Feat. 이라온) 재생"">너를 그린 우주 (Insomnia2020) (Feat. 이라온)</a>
</span></div>","<div class=""ellipsis rank02"">
<a href=""javascript:melon.link.goArtistDetail('566431');"" title=""마크툽 (MAKTUB) - 페이지 이동"">마크툽 (MAKTUB)</a><span class=""checkEllipsis"" style=""display:none""><a href=""javascript:melon.link.goArtistDetail('566431');"" title=""마크툽 (MAKTUB) - 페이지 이동"">마크툽 (MAKTUB)</a></span>
</div>","<div class=""ellipsis rank03"">
<a href=""javascript:melon.link.goAlbumDetail('10422586');"" title=""Red Moon : SUPERNOVA - 페이지 이동"">Red Moon : SUPERNOVA</a>
</div>"
62,"<div class=""ellipsis rank01""><span>
<a href=""javascript:melon.play.playSong('19041301',32559498);"" title=""Stay Tonight 재생"">Stay Tonight</a>
</span></div>","<div class=""ellipsis rank02"">
<a href=""javascript:melon.link.goArtistDetail('968265');"" title=""청하 - 페이지 이동"">청하</a><span class=""checkEllipsis"" style=""display:none""><a href=""javascript:melon.link.goArtistDetail('968265');"" title=""청하 - 페이지 이동"">청하</a></span>
</div>","<div class=""ellipsis rank03"">
<a href=""javascript:melon.link.goAlbumDetail('10423202');"" title=""Stay Tonight - 페이지 이동"">Stay Tonight</a>
</div>"
63,"<div class=""ellipsis rank01""><span>
<a href=""javascript:melon.play.playSong('19041301',31701428);"" title=""bad guy 재생"">bad guy</a>
</span></div>","<div class=""ellipsis rank02"">
<a href=""javascript:melon.link.goArtistDetail('1239008');"" title=""Billie Eilish - 페이지 이동"">Billie Eilish</a><span class=""checkEllipsis"" style=""display:none""><a href=""javascript:melon.link.goArtistDetail('1239008');"" title=""Billie Eilish - 페이지 이동"">Billie Eilish</a></span>
</div>","<div class=""ellipsis rank03"">
<a href=""javascript:melon.link.goAlbumDetail('10267565');"" title=""WHEN WE ALL FALL ASLEEP, WHERE DO WE GO? - 페이지 이동"">WHEN WE ALL FALL ASLEEP, WHERE DO WE GO?</a>
</div>"
64,"<div class=""ellipsis rank01""><span>
<a href=""javascript:melon.play.playSong('19041301',32373713);"" title=""To Die For 재생"">To Die For</a>
</span></div>","<div class=""ellipsis rank02"">
<a href=""javascript:melon.link.goArtistDetail('718042');"" title=""Sam Smith - 페이지 이동"">Sam Smith</a><span class=""checkEllipsis"" style=""display:none""><a href=""javascript:melon.link.goArtistDetail('718042');"" title=""Sam Smith - 페이지 이동"">Sam Smith</a></span>
</div>","<div class=""ellipsis rank03"">
<a href=""javascript:melon.link.goAlbumDetail('10387838');"" title=""To Die For - 페이지 이동"">To Die For</a>
</div>"
65,"<div class=""ellipsis rank01""><span>
<a href=""javascript:melon.play.playSong('19041301',32421335);"" title=""너에게 가는 이 길 위에서 (너.이.길) 재생"">너에게 가는 이 길 위에서 (너.이.길)</a>
</span></div>","<div class=""ellipsis rank02"">
<a href=""javascript:melon.link.goArtistDetail('672859');"" title=""백현 (BAEKHYUN) - 페이지 이동"">백현 (BAEKHYUN)</a><span class=""checkEllipsis"" style=""display:none""><a href=""javascript:melon.link.goArtistDetail('672859');"" title=""백현 (BAEKHYUN) - 페이지 이동"">백현 (BAEKHYUN)</a></span>
</div>","<div class=""ellipsis rank03"">
<a href=""javascript:melon.link.goAlbumDetail('10396078');"" title=""하이에나 OST Part.2 - 페이지 이동"">하이에나 OST Part.2</a>
</div>"
66,"<div class=""ellipsis rank01""><span>
<a href=""javascript:melon.play.playSong('19041301',32399827);"" title=""Filter 재생"">Filter</a>
</span></div>","<div class=""ellipsis rank02"">
<a href=""javascript:melon.link.goArtistDetail('672375');"" title=""방탄소년단 - 페이지 이동"">방탄소년단</a><span class=""checkEllipsis"" style=""display:none""><a href=""javascript:melon.link.goArtistDetail('672375');"" title=""방탄소년단 - 페이지 이동"">방탄소년단</a></span>
</div>","<div class=""ellipsis rank03"">
<a href=""javascript:melon.link.goAlbumDetail('10377346');"" title=""MAP OF THE SOUL : 7 - 페이지 이동"">MAP OF THE SOUL : 7</a>
</div>"
67,"<div class=""ellipsis rank01""><span>
<a href=""javascript:melon.play.playSong('19041301',32620706);"" title=""Love Again 재생"">Love Again</a>
</span></div>","<div class=""ellipsis rank02"">
<a href=""javascript:melon.link.goArtistDetail('672859');"" title=""백현 (BAEKHYUN) - 페이지 이동"">백현 (BAEKHYUN)</a><span class=""checkEllipsis"" style=""display:none""><a href=""javascript:melon.link.goArtistDetail('672859');"" title=""백현 (BAEKHYUN) - 페이지 이동"">백현 (BAEKHYUN)</a></span>
</div>","<div class=""ellipsis rank03"">
<a href=""javascript:melon.link.goAlbumDetail('10434955');"" title=""Delight - The 2nd Mini Album - 페이지 이동"">Delight - The 2nd Mini Album</a>
</div>"
68,"<div class=""ellipsis rank01""><span>
<a href=""javascript:melon.play.playSong('19041301',32397381);"" title=""어느 60대 노부부이야기 재생"">어느 60대 노부부이야기</a>
</span></div>","<div class=""ellipsis rank02"">
<a href=""javascript:melon.link.goArtistDetail('994944');"" title=""임영웅 - 페이지 이동"">임영웅</a><span class=""checkEllipsis"" style=""display:none""><a href=""javascript:melon.link.goArtistDetail('994944');"" title=""임영웅 - 페이지 이동"">임영웅</a></span>
</div>","<div class=""ellipsis rank03"">
<a href=""javascript:melon.link.goAlbumDetail('10391899');"" title=""내일은 미스터트롯 트롯 에이드 베스트 - 페이지 이동"">내일은 미스터트롯 트롯 에이드 베스트</a>
</div>"
69,"<div class=""ellipsis rank01""><span>
<a href=""javascript:melon.play.playSong('19041301',32399835);"" title=""Moon 재생"">Moon</a>
</span></div>","<div class=""ellipsis rank02"">
<a href=""javascript:melon.link.goArtistDetail('672375');"" title=""방탄소년단 - 페이지 이동"">방탄소년단</a><span class=""checkEllipsis"" style=""display:none""><a href=""javascript:melon.link.goArtistDetail('672375');"" title=""방탄소년단 - 페이지 이동"">방탄소년단</a></span>
</div>","<div class=""ellipsis rank03"">
<a href=""javascript:melon.link.goAlbumDetail('10377346');"" title=""MAP OF THE SOUL : 7 - 페이지 이동"">MAP OF THE SOUL : 7</a>
</div>"
70,"<div class=""ellipsis rank01""><span>
<a href=""javascript:melon.play.playSong('19041301',30244931);"" title=""봄날 재생"">봄날</a>
</span></div>","<div class=""ellipsis rank02"">
<a href=""javascript:melon.link.goArtistDetail('672375');"" title=""방탄소년단 - 페이지 이동"">방탄소년단</a><span class=""checkEllipsis"" style=""display:none""><a href=""javascript:melon.link.goArtistDetail('672375');"" title=""방탄소년단 - 페이지 이동"">방탄소년단</a></span>
</div>","<div class=""ellipsis rank03"">
<a href=""javascript:melon.link.goAlbumDetail('10037969');"" title=""YOU NEVER WALK ALONE - 페이지 이동"">YOU NEVER WALK ALONE</a>
</div>"
71,"<div class=""ellipsis rank01""><span>
<a href=""javascript:melon.play.playSong('19041301',32399828);"" title=""시차 재생"">시차</a>
</span></div>","<div class=""ellipsis rank02"">
<a href=""javascript:melon.link.goArtistDetail('672375');"" title=""방탄소년단 - 페이지 이동"">방탄소년단</a><span class=""checkEllipsis"" style=""display:none""><a href=""javascript:melon.link.goArtistDetail('672375');"" title=""방탄소년단 - 페이지 이동"">방탄소년단</a></span>
</div>","<div class=""ellipsis rank03"">
<a href=""javascript:melon.link.goAlbumDetail('10377346');"" title=""MAP OF THE SOUL : 7 - 페이지 이동"">MAP OF THE SOUL : 7</a>
</div>"
72,"<div class=""ellipsis rank01""><span>
<a href=""javascript:melon.play.playSong('19041301',31768993);"" title=""Painkiller 재생"">Painkiller</a>
</span></div>","<div class=""ellipsis rank02"">
<a href=""javascript:melon.link.goArtistDetail('1438336');"" title=""Ruel - 페이지 이동"">Ruel</a><span class=""checkEllipsis"" style=""display:none""><a href=""javascript:melon.link.goArtistDetail('1438336');"" title=""Ruel - 페이지 이동"">Ruel</a></span>
</div>","<div class=""ellipsis rank03"">
<a href=""javascript:melon.link.goAlbumDetail('10279656');"" title=""Painkiller - 페이지 이동"">Painkiller</a>
</div>"
73,"<div class=""ellipsis rank01""><span>
<a href=""javascript:melon.play.playSong('19041301',32533738);"" title=""시청 앞 지하철 역에서 재생"">시청 앞 지하철 역에서</a>
</span></div>","<div class=""ellipsis rank02"">
<a href=""javascript:melon.link.goArtistDetail('770167');"" title=""곽진언 - 페이지 이동"">곽진언</a><span class=""checkEllipsis"" style=""display:none""><a href=""javascript:melon.link.goArtistDetail('770167');"" title=""곽진언 - 페이지 이동"">곽진언</a></span>
</div>","<div class=""ellipsis rank03"">
<a href=""javascript:melon.link.goAlbumDetail('10417938');"" title=""슬기로운 의사생활 OST Part 6 - 페이지 이동"">슬기로운 의사생활 OST Part 6</a>
</div>"
74,"<div class=""ellipsis rank01""><span>
<a href=""javascript:melon.play.playSong('19041301',32399833);"" title=""Inner Child 재생"">Inner Child</a>
</span></div>","<div class=""ellipsis rank02"">
<a href=""javascript:melon.link.goArtistDetail('672375');"" title=""방탄소년단 - 페이지 이동"">방탄소년단</a><span class=""checkEllipsis"" style=""display:none""><a href=""javascript:melon.link.goArtistDetail('672375');"" title=""방탄소년단 - 페이지 이동"">방탄소년단</a></span>
</div>","<div class=""ellipsis rank03"">
<a href=""javascript:melon.link.goAlbumDetail('10377346');"" title=""MAP OF THE SOUL : 7 - 페이지 이동"">MAP OF THE SOUL : 7</a>
</div>"
75,"<div class=""ellipsis rank01""><span>
<a href=""javascript:melon.play.playSong('19041301',32399837);"" title=""We are Bulletproof : the Eternal 재생"">We are Bulletproof : the Eternal</a>
</span></div>","<div class=""ellipsis rank02"">
<a href=""javascript:melon.link.goArtistDetail('672375');"" title=""방탄소년단 - 페이지 이동"">방탄소년단</a><span class=""checkEllipsis"" style=""display:none""><a href=""javascript:melon.link.goArtistDetail('672375');"" title=""방탄소년단 - 페이지 이동"">방탄소년단</a></span>
</div>","<div class=""ellipsis rank03"">
<a href=""javascript:melon.link.goAlbumDetail('10377346');"" title=""MAP OF THE SOUL : 7 - 페이지 이동"">MAP OF THE SOUL : 7</a>
</div>"
76,"<div class=""ellipsis rank01""><span>
<a href=""javascript:melon.play.playSong('19041301',31509376);"" title=""12:45 (Stripped) 재생"">12:45 (Stripped)</a>
</span></div>","<div class=""ellipsis rank02"">
<a href=""javascript:melon.link.goArtistDetail('1907334');"" title=""Etham - 페이지 이동"">Etham</a><span class=""checkEllipsis"" style=""display:none""><a href=""javascript:melon.link.goArtistDetail('1907334');"" title=""Etham - 페이지 이동"">Etham</a></span>
</div>","<div class=""ellipsis rank03"">
<a href=""javascript:melon.link.goAlbumDetail('10235362');"" title=""12:45 (Stripped) - 페이지 이동"">12:45 (Stripped)</a>
</div>"
77,"<div class=""ellipsis rank01""><span>
<a href=""javascript:melon.play.playSong('19041301',32626719);"" title=""살아가는 거야 재생"">살아가는 거야</a>
</span></div>","<div class=""ellipsis rank02"">
<a href=""javascript:melon.link.goArtistDetail('699632');"" title=""로이킴 - 페이지 이동"">로이킴</a><span class=""checkEllipsis"" style=""display:none""><a href=""javascript:melon.link.goArtistDetail('699632');"" title=""로이킴 - 페이지 이동"">로이킴</a></span>
</div>","<div class=""ellipsis rank03"">
<a href=""javascript:melon.link.goAlbumDetail('10436070');"" title=""살아가는 거야 - 페이지 이동"">살아가는 거야</a>
</div>"
78,"<div class=""ellipsis rank01""><span>
<a href=""javascript:melon.play.playSong('19041301',32323330);"" title=""바램 재생"">바램</a>
</span></div>","<div class=""ellipsis rank02"">
<a href=""javascript:melon.link.goArtistDetail('994944');"" title=""임영웅 - 페이지 이동"">임영웅</a><span class=""checkEllipsis"" style=""display:none""><a href=""javascript:melon.link.goArtistDetail('994944');"" title=""임영웅 - 페이지 이동"">임영웅</a></span>
</div>","<div class=""ellipsis rank03"">
<a href=""javascript:melon.link.goAlbumDetail('10377157');"" title=""내일은 미스터트롯 예선곡 베스트 - 페이지 이동"">내일은 미스터트롯 예선곡 베스트</a>
</div>"
79,"<div class=""ellipsis rank01""><span>
<a href=""javascript:melon.play.playSong('19041301',32553649);"" title=""넌 언제나 재생"">넌 언제나</a>
</span></div>","<div class=""ellipsis rank02"">
<a href=""javascript:melon.link.goArtistDetail('510447');"" title=""제이레빗(J Rabbit) - 페이지 이동"">제이레빗(J Rabbit)</a><span class=""checkEllipsis"" style=""display:none""><a href=""javascript:melon.link.goArtistDetail('510447');"" title=""제이레빗(J Rabbit) - 페이지 이동"">제이레빗(J Rabbit)</a></span>
</div>","<div class=""ellipsis rank03"">
<a href=""javascript:melon.link.goAlbumDetail('10421929');"" title=""슬기로운 의사생활 OST Part 7 - 페이지 이동"">슬기로운 의사생활 OST Part 7</a>
</div>"
80,"<div class=""ellipsis rank01""><span>
<a href=""javascript:melon.play.playSong('19041301',31388145);"" title=""너를 만나 재생"">너를 만나</a>
</span></div>","<div class=""ellipsis rank02"">
<a href=""javascript:melon.link.goArtistDetail('752425');"" title=""폴킴 - 페이지 이동"">폴킴</a><span class=""checkEllipsis"" style=""display:none""><a href=""javascript:melon.link.goArtistDetail('752425');"" title=""폴킴 - 페이지 이동"">폴킴</a></span>
</div>","<div class=""ellipsis rank03"">
<a href=""javascript:melon.link.goAlbumDetail('10217134');"" title=""너를 만나 - 페이지 이동"">너를 만나</a>
</div>"
81,"<div class=""ellipsis rank01""><span>
<a href=""javascript:melon.play.playSong('19041301',31703498);"" title=""시든 꽃에 물을 주듯 재생"">시든 꽃에 물을 주듯</a>
</span></div>","<div class=""ellipsis rank02"">
<a href=""javascript:melon.link.goArtistDetail('1229685');"" title=""HYNN (박혜원) - 페이지 이동"">HYNN (박혜원)</a><span class=""checkEllipsis"" style=""display:none""><a href=""javascript:melon.link.goArtistDetail('1229685');"" title=""HYNN (박혜원) - 페이지 이동"">HYNN (박혜원)</a></span>
</div>","<div class=""ellipsis rank03"">
<a href=""javascript:melon.link.goAlbumDetail('10267986');"" title=""시든 꽃에 물을 주듯 - 페이지 이동"">시든 꽃에 물을 주듯</a>
</div>"
82,"<div class=""ellipsis rank01""><span>
<a href=""javascript:melon.play.playSong('19041301',32059630);"" title=""조금 취했어 (Prod. 2soo) 재생"">조금 취했어 (Prod. 2soo)</a>
</span></div>","<div class=""ellipsis rank02"">
<a href=""javascript:melon.link.goArtistDetail('2087273');"" title=""임재현 - 페이지 이동"">임재현</a><span class=""checkEllipsis"" style=""display:none""><a href=""javascript:melon.link.goArtistDetail('2087273');"" title=""임재현 - 페이지 이동"">임재현</a></span>
</div>","<div class=""ellipsis rank03"">
<a href=""javascript:melon.link.goAlbumDetail('10331499');"" title=""조금 취했어 - 페이지 이동"">조금 취했어</a>
</div>"
83,"<div class=""ellipsis rank01""><span>
<a href=""javascript:melon.play.playSong('19041301',32399829);"" title=""Louder than bombs 재생"">Louder than bombs</a>
</span></div>","<div class=""ellipsis rank02"">
<a href=""javascript:melon.link.goArtistDetail('672375');"" title=""방탄소년단 - 페이지 이동"">방탄소년단</a><span class=""checkEllipsis"" style=""display:none""><a href=""javascript:melon.link.goArtistDetail('672375');"" title=""방탄소년단 - 페이지 이동"">방탄소년단</a></span>
</div>","<div class=""ellipsis rank03"">
<a href=""javascript:melon.link.goAlbumDetail('10377346');"" title=""MAP OF THE SOUL : 7 - 페이지 이동"">MAP OF THE SOUL : 7</a>
</div>"
84,"<div class=""ellipsis rank01""><span>
<a href=""javascript:melon.play.playSong('19041301',32620704);"" title=""Poppin' 재생"">Poppin'</a>
</span></div>","<div class=""ellipsis rank02"">
<a href=""javascript:melon.link.goArtistDetail('672859');"" title=""백현 (BAEKHYUN) - 페이지 이동"">백현 (BAEKHYUN)</a><span class=""checkEllipsis"" style=""display:none""><a href=""javascript:melon.link.goArtistDetail('672859');"" title=""백현 (BAEKHYUN) - 페이지 이동"">백현 (BAEKHYUN)</a></span>
</div>","<div class=""ellipsis rank03"">
<a href=""javascript:melon.link.goAlbumDetail('10434955');"" title=""Delight - The 2nd Mini Album - 페이지 이동"">Delight - The 2nd Mini Album</a>
</div>"
85,"<div class=""ellipsis rank01""><span>
<a href=""javascript:melon.play.playSong('19041301',32217921);"" title=""Obsession 재생"">Obsession</a>
</span></div>","<div class=""ellipsis rank02"">
<a href=""javascript:melon.link.goArtistDetail('724619');"" title=""EXO - 페이지 이동"">EXO</a><span class=""checkEllipsis"" style=""display:none""><a href=""javascript:melon.link.goArtistDetail('724619');"" title=""EXO - 페이지 이동"">EXO</a></span>
</div>","<div class=""ellipsis rank03"">
<a href=""javascript:melon.link.goAlbumDetail('10357878');"" title=""OBSESSION - The 6th Album - 페이지 이동"">OBSESSION - The 6th Album</a>
</div>"
86,"<div class=""ellipsis rank01""><span>
<a href=""javascript:melon.play.playSong('19041301',32034629);"" title=""사랑이란 멜로는 없어 재생"">사랑이란 멜로는 없어</a>
</span></div>","<div class=""ellipsis rank02"">
<a href=""javascript:melon.link.goArtistDetail('979724');"" title=""전상근 - 페이지 이동"">전상근</a><span class=""checkEllipsis"" style=""display:none""><a href=""javascript:melon.link.goArtistDetail('979724');"" title=""전상근 - 페이지 이동"">전상근</a></span>
</div>","<div class=""ellipsis rank03"">
<a href=""javascript:melon.link.goAlbumDetail('10326710');"" title=""사랑이란 멜로는 없어 - 페이지 이동"">사랑이란 멜로는 없어</a>
</div>"
87,"<div class=""ellipsis rank01""><span>
<a href=""javascript:melon.play.playSong('19041301',32399831);"" title=""욱 (UGH!) 재생"">욱 (UGH!)</a>
</span></div>","<div class=""ellipsis rank02"">
<a href=""javascript:melon.link.goArtistDetail('672375');"" title=""방탄소년단 - 페이지 이동"">방탄소년단</a><span class=""checkEllipsis"" style=""display:none""><a href=""javascript:melon.link.goArtistDetail('672375');"" title=""방탄소년단 - 페이지 이동"">방탄소년단</a></span>
</div>","<div class=""ellipsis rank03"">
<a href=""javascript:melon.link.goAlbumDetail('10377346');"" title=""MAP OF THE SOUL : 7 - 페이지 이동"">MAP OF THE SOUL : 7</a>
</div>"
88,"<div class=""ellipsis rank01""><span>
<a href=""javascript:melon.play.playSong('19041301',32311870);"" title=""다시 난, 여기 재생"">다시 난, 여기</a>
</span></div>","<div class=""ellipsis rank02"">
<a href=""javascript:melon.link.goArtistDetail('698776');"" title=""백예린 - 페이지 이동"">백예린</a><span class=""checkEllipsis"" style=""display:none""><a href=""javascript:melon.link.goArtistDetail('698776');"" title=""백예린 - 페이지 이동"">백예린</a></span>
</div>","<div class=""ellipsis rank03"">
<a href=""javascript:melon.link.goAlbumDetail('10374783');"" title=""사랑의 불시착 OST Part 4 - 페이지 이동"">사랑의 불시착 OST Part 4</a>
</div>"
89,"<div class=""ellipsis rank01""><span>
<a href=""javascript:melon.play.playSong('19041301',32636587);"" title=""안녕과 안녕으로 재생"">안녕과 안녕으로</a>
</span></div>","<div class=""ellipsis rank02"">
<a href=""javascript:melon.link.goArtistDetail('718655');"" title=""이예준 - 페이지 이동"">이예준</a><span class=""checkEllipsis"" style=""display:none""><a href=""javascript:melon.link.goArtistDetail('718655');"" title=""이예준 - 페이지 이동"">이예준</a></span>
</div>","<div class=""ellipsis rank03"">
<a href=""javascript:melon.link.goAlbumDetail('10437780');"" title=""안녕과 안녕으로 - 페이지 이동"">안녕과 안녕으로</a>
</div>"
90,"<div class=""ellipsis rank01""><span>
<a href=""javascript:melon.play.playSong('19041301',32620703);"" title=""Underwater 재생"">Underwater</a>
</span></div>","<div class=""ellipsis rank02"">
<a href=""javascript:melon.link.goArtistDetail('672859');"" title=""백현 (BAEKHYUN) - 페이지 이동"">백현 (BAEKHYUN)</a><span class=""checkEllipsis"" style=""display:none""><a href=""javascript:melon.link.goArtistDetail('672859');"" title=""백현 (BAEKHYUN) - 페이지 이동"">백현 (BAEKHYUN)</a></span>
</div>","<div class=""ellipsis rank03"">
<a href=""javascript:melon.link.goAlbumDetail('10434955');"" title=""Delight - The 2nd Mini Album - 페이지 이동"">Delight - The 2nd Mini Album</a>
</div>"
91,"<div class=""ellipsis rank01""><span>
<a href=""javascript:melon.play.playSong('19041301',32362644);"" title=""Birthday 재생"">Birthday</a>
</span></div>","<div class=""ellipsis rank02"">
<a href=""javascript:melon.link.goArtistDetail('870307');"" title=""Anne-Marie - 페이지 이동"">Anne-Marie</a><span class=""checkEllipsis"" style=""display:none""><a href=""javascript:melon.link.goArtistDetail('870307');"" title=""Anne-Marie - 페이지 이동"">Anne-Marie</a></span>
</div>","<div class=""ellipsis rank03"">
<a href=""javascript:melon.link.goAlbumDetail('10385597');"" title=""Birthday - 페이지 이동"">Birthday</a>
</div>"
92,"<div class=""ellipsis rank01""><span>
<a href=""javascript:melon.play.playSong('19041301',32393669);"" title=""영웅 (英雄; Kick It) 재생"">영웅 (英雄; Kick It)</a>
</span></div>","<div class=""ellipsis rank02"">
<a href=""javascript:melon.link.goArtistDetail('991413');"" title=""NCT 127 - 페이지 이동"">NCT 127</a><span class=""checkEllipsis"" style=""display:none""><a href=""javascript:melon.link.goArtistDetail('991413');"" title=""NCT 127 - 페이지 이동"">NCT 127</a></span>
</div>","<div class=""ellipsis rank03"">
<a href=""javascript:melon.link.goAlbumDetail('10391380');"" title=""NCT #127 Neo Zone - The 2nd Album - 페이지 이동"">NCT #127 Neo Zone - The 2nd Album</a>
</div>"
93,"<div class=""ellipsis rank01""><span>
<a href=""javascript:melon.play.playSong('19041301',32399826);"" title=""Interlude : Shadow 재생"">Interlude : Shadow</a>
</span></div>","<div class=""ellipsis rank02"">
<a href=""javascript:melon.link.goArtistDetail('672375');"" title=""방탄소년단 - 페이지 이동"">방탄소년단</a><span class=""checkEllipsis"" style=""display:none""><a href=""javascript:melon.link.goArtistDetail('672375');"" title=""방탄소년단 - 페이지 이동"">방탄소년단</a></span>
</div>","<div class=""ellipsis rank03"">
<a href=""javascript:melon.link.goAlbumDetail('10377346');"" title=""MAP OF THE SOUL : 7 - 페이지 이동"">MAP OF THE SOUL : 7</a>
</div>"
94,"<div class=""ellipsis rank01""><span>
<a href=""javascript:melon.play.playSong('19041301',32590490);"" title=""Yours (Feat. 이하이, 창모) 재생"">Yours (Feat. 이하이, 창모)</a>
</span></div>","<div class=""ellipsis rank02"">
<a href=""javascript:melon.link.goArtistDetail('1383091');"" title=""Raiden - 페이지 이동"">Raiden</a>, <a href=""javascript:melon.link.goArtistDetail('672857');"" title=""찬열 (CHANYEOL) - 페이지 이동"">찬열 (CHANYEOL)</a><span class=""checkEllipsis"" style=""display:none""><a href=""javascript:melon.link.goArtistDetail('1383091');"" title=""Raiden - 페이지 이동"">Raiden</a>, <a href=""javascript:melon.link.goArtistDetail('672857');"" title=""찬열 (CHANYEOL) - 페이지 이동"">찬열 (CHANYEOL)</a></span>
</div>","<div class=""ellipsis rank03"">
<a href=""javascript:melon.link.goAlbumDetail('10429159');"" title=""Yours (Feat. 이하이, 창모) - 페이지 이동"">Yours (Feat. 이하이, 창모)</a>
</div>"
95,"<div class=""ellipsis rank01""><span>
<a href=""javascript:melon.play.playSong('19041301',32495729);"" title=""사랑, 하자 재생"">사랑, 하자</a>
</span></div>","<div class=""ellipsis rank02"">
<a href=""javascript:melon.link.goArtistDetail('672855');"" title=""수호 (SUHO) - 페이지 이동"">수호 (SUHO)</a><span class=""checkEllipsis"" style=""display:none""><a href=""javascript:melon.link.goArtistDetail('672855');"" title=""수호 (SUHO) - 페이지 이동"">수호 (SUHO)</a></span>
</div>","<div class=""ellipsis rank03"">
<a href=""javascript:melon.link.goAlbumDetail('10409970');"" title=""자화상 - The 1st Mini Album - 페이지 이동"">자화상 - The 1st Mini Album</a>
</div>"
96,"<div class=""ellipsis rank01""><span>
<a href=""javascript:melon.play.playSong('19041301',32399838);"" title=""Outro : Ego 재생"">Outro : Ego</a>
</span></div>","<div class=""ellipsis rank02"">
<a href=""javascript:melon.link.goArtistDetail('672375');"" title=""방탄소년단 - 페이지 이동"">방탄소년단</a><span class=""checkEllipsis"" style=""display:none""><a href=""javascript:melon.link.goArtistDetail('672375');"" title=""방탄소년단 - 페이지 이동"">방탄소년단</a></span>
</div>","<div class=""ellipsis rank03"">
<a href=""javascript:melon.link.goAlbumDetail('10377346');"" title=""MAP OF THE SOUL : 7 - 페이지 이동"">MAP OF THE SOUL : 7</a>
</div>"
97,"<div class=""ellipsis rank01""><span>
<a href=""javascript:melon.play.playSong('19041301',32243273);"" title=""Square (2017) 재생"">Square (2017)</a>
</span></div>","<div class=""ellipsis rank02"">
<a href=""javascript:melon.link.goArtistDetail('698776');"" title=""백예린 - 페이지 이동"">백예린</a><span class=""checkEllipsis"" style=""display:none""><a href=""javascript:melon.link.goArtistDetail('698776');"" title=""백예린 - 페이지 이동"">백예린</a></span>
</div>","<div class=""ellipsis rank03"">
<a href=""javascript:melon.link.goAlbumDetail('10362776');"" title=""Every letter I sent you. - 페이지 이동"">Every letter I sent you.</a>
</div>"
98,"<div class=""ellipsis rank01""><span>
<a href=""javascript:melon.play.playSong('19041301',31368699);"" title=""니가 왜 거기서 나와 (Narr. 고은아) 재생"">니가 왜 거기서 나와 (Narr. 고은아)</a>
</span></div>","<div class=""ellipsis rank02"">
<a href=""javascript:melon.link.goArtistDetail('753762');"" title=""영탁 - 페이지 이동"">영탁</a><span class=""checkEllipsis"" style=""display:none""><a href=""javascript:melon.link.goArtistDetail('753762');"" title=""영탁 - 페이지 이동"">영탁</a></span>
</div>","<div class=""ellipsis rank03"">
<a href=""javascript:melon.link.goAlbumDetail('10214084');"" title=""니가 왜 거기서 나와 - 페이지 이동"">니가 왜 거기서 나와</a>
</div>"
99,"<div class=""ellipsis rank01""><span>
<a href=""javascript:melon.play.playSong('19041301',31873020);"" title=""포장마차 재생"">포장마차</a>
</span></div>","<div class=""ellipsis rank02"">
<a href=""javascript:melon.link.goArtistDetail('1865473');"" title=""황인욱 - 페이지 이동"">황인욱</a><span class=""checkEllipsis"" style=""display:none""><a href=""javascript:melon.link.goArtistDetail('1865473');"" title=""황인욱 - 페이지 이동"">황인욱</a></span>
</div>","<div class=""ellipsis rank03"">
<a href=""javascript:melon.link.goAlbumDetail('10298014');"" title=""포장마차 - 페이지 이동"">포장마차</a>
</div>"
